Id,App,Name,Description,MainWindowTitle,StartTime,EndTime,Path
2104,,ApplicationFrameHost,Application Frame Host,Settings,17-Jul-21 9:24:03 PM,,C:\WINDOWS\system32\ApplicationFrameHost.exe
15900,,SystemSettings,Settings,"CN=Microsoft Windows, O=Microsoft Corporation, L=Redmond, S=Washington, C=US",17-Jul-21 9:24:33 PM,,C:\Windows\ImmersiveControlPanel\SystemSettings.exe
15672,,WWAHost,Microsoft WWA Host,Netflix,17-Jul-21 9:24:14 PM,,C:\WINDOWS\system32\wwahost.exe
900,File Explorer,Rarian,Windows Explorer,Rarian,17-Jul-21 9:20:56 PM,,file:///C:/Users/GiladHecht/AppData/Roaming/Rarian
900,File Explorer,twisted-strands,Windows Explorer,twisted-strands,17-Jul-21 9:20:56 PM,,file:///C:/Users/GiladHecht/Workspace/writing/twisted-strands
16116,Firefox,firefox,Firefox,Kurt Atterberg - Piano Concerto in B flat minor - YouTube - Mozilla Firefox,17-Jul-21 9:21:44 PM,,C:\Program Files\Mozilla Firefox\firefox.exe
9440,Microsoft Edge,TextInputHost,,Microsoft Text Input Application,17-Jul-21 9:20:58 PM,,C:\WINDOWS\SystemApps\MicrosoftWindows.Client.CBS_cw5n1h2txyewy\InputApp\TextInputHost.exe
8800,Microsoft Store,WinStore.App,Store,Microsoft Store,17-Jul-21 9:24:03 PM,,C:\Program Files\WindowsApps\Microsoft.WindowsStore_12105.1001.23.0_x64__8wekyb3d8bbwe\WinStore.App.exe
12756,Sublime Text 3,sublime_text,Sublime Text,D:\Documents\PowerShell\Microsoft.PowerShell_profile.ps1 - Sublime Text (UNREGISTERED),17-Jul-21 10:55:54PM,2021-07-17T23:14:21,C:\Program Files\Sublime Text 3\sublime_text.exe
12756,Sublime Text 3,sublime_text,Sublime Text,C:\Users\GiladHecht\AppData\Roaming\Rarian\data.json - Sublime Text (UNREGISTERED),2021-07-17T23:14:21,,C:\Program Files\Sublime Text 3\sublime_text.exe
16080,Visual Studio Code,Code,Visual Studio Code,projectsHandler.py - workspacesManager - Visual Studio Code,17-Jul-21 10:23:57 PM,,C:\Users\GiladHecht\AppData\Local\Programs\Microsoft VS Code\Code.exe
10608,Windows PowerShell,ShellExperienceHost,Windows Shell Experience Host,Windows Shell Experience Host,17-Jul-21 9:21:00 PM,,C:\WINDOWS\SystemApps\ShellExperienceHost_cw5n1h2txyewy\ShellExperienceHost.exe
11996,Windows PowerShell,WindowsTerminal,WindowsTerminal.exe,~\AppData\Roaming\Rarian ~ PowerShell 7.1 (15068),17-Jul-21 10:23:48,,PM C:\Program Files\WindowsApps\Microsoft.WindowsTerminal_1.8.1521.0_x64__8wekyb3d8bbwe\WindowsTerminal.exe
14692,iTunes,iTunes,iTunes,iTunes,17-Jul-21 9:21:33 PM,,C:\Program Files\iTunes\iTunes.exe
